id,label,pred,prob,type,target,path,text,meme_discription,text_discription
10529,1,1,0.685707,3,0,10529.jpg,群猪,这是一张合成的漫画风格图像，展现了一只穿人衣服、模仿人类姿势的熊猫形象。,"""群猪""指的是一群猪，是汉语中表示动物集体的常用词汇。"
10201,1,1,0.683578,3,0,10201.jpg,辣鸡,这是一个卡通形象，一个男人举着刀，表情生气。,"""辣鸡""通常是网络用语，用来形容某人或某物很糟糕、无能或让人失望。"
10116,1,1,0.681055,3,0,10116.jpg,你搁那瞎比比啥呢,这是一张图，上面有一个穿红色服装的卡通角色在草地上。,这句话是一种带有贬义的口语表达，意思是质疑对方在说些无意义或无关紧要的话。
10621,1,1,0.680315,3,0,10621.jpg,本群龙王  必死,这是一张拼接图，上面有卡通版的熊猫头部和人的面孔。,这可能是一句网络用语，用来调侃或威胁某个群聊中的管理员或领导者。
11195,1,1,0.679499,3,0,11195.jpg,食屎啦你,一只卡通风格的熊猫，融合了一个人的脸。,这是一句粗俗的侮辱性语言，表达对他人的极度不满和鄙视。
10532,1,1,0.676958,3,0,10532.jpg,你看看你,这是一张卡通图片，展示了一只穿帽子的猪慰问一只流泪的熊猫。,这是一句口语化的表达，可能是在责备或提醒某人注意自己的行为或言语。
10491,1,1,0.675957,3,0,10491.jpg,你 我,这是一张手绘风格的简图，显示一只穿红色领带的狗向人伸出爪子。,这是两个常用的汉字，表示人称代词，分别代表“你”和“我”，常用于交流对话中指代双方。
10745,1,1,0.672781,3,0,10745.jpg,你要搞清楚我才是你爸爸,一只黑白色的卡通熊猫手持橙色物品。,这句话可能是在开玩笑或者显示权威，表达说话者对对方有控制或支配地位。
10192,1,1,0.672039,3,0,10192.jpg,夺笋呐 指指点点,一个卡通熊猫人物，头部替换为模糊的人脸。,这是一句汉语成语，意思是对事物进行挑剔和指责。
10512,1,1,0.669718,3,0,10512.jpg,"U giver gun
你给我滚",一张融合了人类脸部特征和熊猫头部特征的黑白卡通图案。,这是一句带有侮辱性质的话，意思是让对方离开，表达了强烈的不满情绪。
10768,1,1,0.669016,3,0,10768.jpg,要说傻逼谁能比过你,这是一幅卡通化的图画，展示了一只熊猫与人类脸部特征相结合的形象。,这是一句带有侮辱性质的话语，用来贬低对方智商和能力。
10556,1,1,0.668707,3,0,10556.jpg,再BB劳资禁你一年,抱歉，我无法帮助描述或做出关于这张图片的评论。,这是一句网络用语，表达了对某人的不满和禁止其行为的决定，语气较为强烈。
10752,1,1,0.667855,3,0,10752.jpg,骚的不行啊老哥,这是一张融合了人脸和熊猫特征的图画。,这句话是一种网络用语，表达对某人或某事的赞叹或惊讶，含有夸张的成分。
10047,1,1,0.667784,3,0,10047.jpg,传统美德 CTMD,图片展示了一个卡通熊猫头像，头部是一个男性的面部特征。,"""CTMD""可能是""传统美德""的缩写，强调了中华文化中重视的道德价值观。"
10325,1,1,0.667138,3,0,10325.jpg,就你马洒啤,三只卡通独角兽逐渐变为一只卡通马，手持啤酒杯，伴随一滩液体。,这是一句方言表达，意思是“你真会浪费啤酒”，含有责备或调侃的语气。
5309,1,0,0.315789,4,0,5309.jpg,永远不要免费地去做你擅长的事。我。如何贩卖焦虑。,模糊的背景中，一个人快速离开，另一个人专注地用电脑。,这句话强调了个人技能的价值，建议人们应该为自己的专长获得报酬。
6305,1,0,0.324549,1,9,6305.jpg,大家以为的程序员工作。实际上的程序员工作。,两幅漫画，上图人追逐错误，下图人忽略小错误集中大目标。,这条文本反映了人们对程序员工作的误解和实际情况的差异。
6107,1,0,0.325786,2,0,6107.jpg,妈妈：咱家来客人了，我给那些小孩放了点你电脑里面的动画片。我：但是我电脑里没有什么动…,男子表情惊讶，手持放大镜，正细致观察手中的物体。,妈妈为了招待客人的小孩，随意使用了我电脑里的资源，我担心动画片内容不合适。
5056,1,0,0.328091,1,4,5056.jpg,辛辛苦苦拼的积木：掉到地上。我：靠北千万别散了。积木：,这是一张展示苏联（U.S.S.R.）在亚洲部分的黄色地图。,积木掉落时，作者担心积木散开，但积木无法回应，表达了无奈和幽默。
6248,1,0,0.330561,1,9,6248.jpg,体育老师：别叫，有那么冷吗？别抱怨了闭嘴。同样是体育老师：。,一个穿着巨大绿色褶皱外套的人站在装饰着圣诞树的房间里。,体育老师对学生抱怨天气冷的反应，表现出严厉和不理解。
6035,1,0,0.330981,1,12,6035.jpg,富人:你们穷人的意见可真多，你们不会想点其他办法，走其他路发家致富吗。穷人能选择的道路。,一枚棋马放在部分象棋格板上。,这是一段对话，富人对穷人的质疑和不满，暗含社会阶层差距和对穷人的偏见。
330,1,0,0.331469,1,1,330.jpg,我男友和我男友和他朋友在一起时：我在一起时：,两张合成的图片，分别展示了一位穿黑衣的卡通人物和一位穿粉红裙子的卡通公主。,这是一句表达嫉妒心理的话，暗示男友和朋友在一起时比和自己在一起时更快乐。
1277,1,0,0.332356,4,0,1277.jpg,在公司做的压力测试结果说我压力值为0，正当高兴我居然毫无压力时在场的医生很异地和我说「认真生活还没有任何压力是不可能的。你这种情况应该是心死了。」那件事后公司的人们开始称我为精神僵户,这张图片显示了一只豹纹的猫科动物，可能是猎豹，特写镜头聚焦在它的脸上。,这段文本反映了社会对压力的普遍认知，以及对无压力状态的质疑和负面评价。
6306,1,0,0.332833,4,0,6306.jpg,我和家里的猫想要弄清楚我妈到底在说谁整天待在家里只会吃饭睡觉无所事事对社会毫无贡献：,一只灰色的大猫紧张地瞪着一只小老鼠，老鼠似乎很放松。,这是一句带有幽默和自嘲的话，表达了家里猫和自己都是懒惰的状态，引发共鸣和笑意。
146,1,0,0.33477,4,0,146.jpg,我：“我喜欢高质量独处还是我：*一个人生活时,一位有着蓬乱发型的男性正低头微微侧视。,这是一种自嘲式幽默，表达了作者喜欢独处但实际上却感到孤独。
7015,1,0,0.335428,1,8,7015.jpg,当有人问我“.gif”要怎么念的时候：哦不，我可不想讨论政治话题。,男子身着科幻风格的服装，坐在飞船驾驶舱内，表情似乎带有轻松和自信。,这条文本是在幽默地表达“.gif”发音争议像政治话题一样敏感和容易引发争论。
7778,1,0,0.336129,1,6,7778.jpg,还有没有其他人也觉得他的胡子像两只水豚在亲亲：。,一名纹身男子的涂鸦风格肖像，和两只水獭靠头互动的图片。,这是一种幽默夸张的比喻，形容某人胡子浓密且形状独特，像两只亲昵的水豚。
10855,1,0,0.336422,3,0,10855.jpg,不在别找找也不回,动画片中的角色躺在床上，似乎在睡觉。,这句话可能是错别字，应该是“不在别处找也不回”，意思是不在其他地方寻找也不会回来。
6559,1,0,0.336899,4,0,6559.jpg,我一天到晚的生活可以用两张图片来概括。,一只穿着眼镜，在电脑前专注工作的柴犬，和一只裹着毯子休息的柴犬。,这句话表达了作者的日常生活非常单调，可以用两张图片就能描述清楚。
7939,1,0,0.337019,1,10,7939.jpg,HUAWEI,三张图片显示一人正从他人背包中拿走手机。,华为是一家中国知名的通信和电子设备制造商。
572,1,0,0.513021,2,0,572.jpg,听说他高度只有158cm但是另外一把东西有20cm,两位年轻女性互相耳语，表情似乎带有兴奋或惊讶。,此文本暗示该人身高较矮，但生殖器尺寸较大。
286,1,0,0.512907,4,0,286.jpg,我喜欢你我吗？21你是没眼光你认真的吗？还是没底线？34,四格漫画，两个简笔绘风格的角色，一个带头发，一个秃头，在夜晚星空下对话。,这是一句带有调侃和自嘲意味的话，表达了对方对自己的不自信和对对方的喜欢。
6962,1,0,0.512723,1,4,6962.jpg,我喜欢听朋克音乐所以我一定很要叛逆。我是亚洲孩子所以我一定要喜欢数学。我把头发染成奇怪的颜色一定是要吸引别人注意。我是一条大路所以我一定要通往罗马。,四张分割的图片，每个部分展示一个人拿着写有文字的白板，下方是条公路。,这段文本通过讽刺的方式反映了社会对个体的刻板印象和偏见。
5,1,0,0.509935,2,0,5.jpg,当我终于找到第一次看过后仍念念不忘的视频时：你和我失去你的那天一样美丽XVIDEOS,这是两张动画电影的画面组合，上面是一位长胡子老人，下面是安慰哭泣人的场景。,这是一句情感表达，通过对比视频和失去某人的美丽，表达对视频的喜爱和怀念。
13377,1,0,0.506296,3,0,13377.jpg,有点大病？,一只表情焦虑的棕色熊，面露忧虑，额头有一滴汗。,这句话可能是在询问某人是否生了重病，语气带有关切和惊讶。
13048,1,0,0.506224,1,4,13048.jpg,当亞洲父母發現自己的小孩在吃mm巧克力而不是AA巧克力時。,四个人表情各异，眼镜女士和一个男士似乎在哭泣，另外两个男士则在旁边。,这句话可能反映了亚洲父母对孩子饮食选择的关注和品牌偏好。
6783,1,0,0.504415,4,0,6783.jpg,我爷爷20岁。我爸爸25岁。我30岁。,三张不同的狮子肖像。,这条文本不符合常识，年龄关系不合理，可能是打错或者故意夸张的表达。
11821,1,0,0.501308,3,0,11821.jpg,果然外面有别的小猪仔了,一只猪从沙发旁边探出头来，看向镜头。,这句话可能是在描述某人发现了自己的伴侣出轨的情况，用“小猪仔”比喻第三者。
964,1,0,0.500486,4,0,964.jpg,我好丑，没人会喜欢我。我长得真好看，谁见了都会爱上我,两张不同表情的海绵宝宝插图：一张悲伤哭泣，一张惊喜脸红。,这是一种自嘲和自恋的矛盾情绪表达，反映出个体对自身外貌的不同认知和情感态度。
12474,1,0,0.500369,3,0,12474.jpg,请你有点至知之迷,这是一张动图，显示一个戴着面具的人在转动头部。,这是一句古风诗句，意为请你对知识有所追求和向往。
11374,1,0,0.500073,4,0,11374.jpg,秃 压力 数学差 困境 穷 非常穷 太穷了 我 痛苦,一只猫戴着恐龙造型服饰，身边有多个动物毛绒玩具。,这段文本表达了一个人因为秃头、经济困难和数学成绩差而感到压力和痛苦的心情。
10252,1,0,0.499803,3,0,10252.jpg,"除了CF其他游戏都是辣鸡
为什么不玩玩神奇的CF呢
一天到晚玩你妈逼的王者",这是一张含有两部分内容的图片：左上角是一位戴眼镜的男性头像；右上角是一个禁止标志覆盖的金发人物头像。中间是一个卡通熊猫头像。,这是一条带有侮辱性和偏见的游戏评论，表达了对CF游戏的喜爱和对其他游戏的贬低。
13293,1,0,0.49919,3,0,13293.jpg,不回消息？。有时间嘎嘎刷抖音。信不信我叉4你。,一只模糊的卡通狗形象，拿着一副眼镜。,这是一条带有情绪和责备语气的信息，表达了对对方不回复消息却有时间玩抖音的不满。
13592,1,0,0.498958,4,0,13592.jpg,我的日常生活只有四种状态：。过度思考。白日做梦。痛到失语。苦中作乐。,四张不同的猫咪图片，表现出类似人类情感和行为的幽默模仿。,这句话表达了作者在日常生活中经历的四种心理状态，反映了他的情绪波动和对生活的态度。
126,1,0,0.498711,1,4,126.jpg,如何同时激怒两国人民。意大利人。日本人。,这是一张含有意大利面制成的寿司卷的图片，下方有两个不同国家的反应示意图。,此文本可能涉及对意大利和日本文化的冒犯或误解，引发两国人民不满。
11686,0,1,0.673272,0,0,11686.jpg,人穷不剁手,一名表情疲惫的卡通人物提着公文包，手持锤子，背上有翅膀。,这句话意思是，当一个人贫穷时，不应该盲目消费或购买昂贵的东西。
5534,0,1,0.669788,0,0,5534.jpg,你也抢显卡啊？,这是一张合成的幽默图片，展示一只穿红色内衣的卡通猴子，头部被一张人的面孔所替换。,这句话可能是在询问对方是否也在抢购显卡，显卡可能因为热门而供不应求。
10122,0,1,0.668525,0,0,10122.jpg,睡你麻痹 起来嗨,一只灰色的卡通猫高兴地跳跃。,这是一句网络流行语，带有粗俗和激励的双重含义，用于唤醒和鼓励他人积极行动。
11791,0,1,0.658809,0,0,11791.jpg,给我点面子,这是一张合成图像，将熊猫的特征融合到一个人的脸上。,"""给我点面子""意味着请求对方在社交场合给予尊重或体面，避免尴尬。"
11792,0,1,0.656579,0,0,11792.jpg,算了瞎写吧考试结束,两幅卡通风格图片展示了穿着熊猫服装的人物，上图微笑，下图似乎在舞蹈。,这是一位学生在考试结束后，因为不会写而放弃继续答题的无奈心情表达。
11362,0,1,0.656505,0,0,11362.jpg,你说森么？,这是一个表情符号，它眯着一只眼睛，伸出手掌做停止的手势。,这是一句口语化的表达，相当于普通话中的“你说什么？”表示询问对方刚才说了什么内容。
10696,0,1,0.652741,0,0,10696.jpg,呵,一只柴犬面带微笑，表情轻松自信。,"""呵""字在汉语中常用于表示轻蔑、不屑或惊讶的情感，也可用作轻声叹词。"
12655,0,1,0.652028,0,0,12655.jpg,"脸上笑嘻嘻
心里MMP",这是一个带有熊猫特征的卡通化人物面孔。,"这句话表达了表面装作开心，内心却在骂人的情绪。""MMP""是网络用语，代表不满或生气。"
11893,0,1,0.65075,0,0,11893.jpg,有点点难过,一只卡通老鼠拿着一块奶酪站在洞口。,这句话表达了说话者的情绪，感到有些伤心或失落。
11907,0,1,0.643913,0,0,11907.jpg,武功再高也怕菜刀,这是一张卡通图片，展示了一个流泪的卡通人物头顶插着几根箭。,此句表达无论多么厉害的人也有弱点，强调谦虚谨慎，不可过于自信。
8029,0,1,0.640095,0,0,8029.jpg,当这次是ta先发信息给你时：。,两幅简笔画，左侧展示人物躺着听音乐，右侧是模糊的音乐心形符号。,这条文本可能表达的是对方主动联系自己时的情况描述。
11896,0,1,0.639806,0,0,11896.jpg,去打工的欢快背影,这是一张动画形象的背景，上面有一只蓝色的小熊拿着一把挎包走在路上。,这句话描述了一个人充满活力和积极态度去工作的场景，表达了对工作的热爱和期待。
10632,0,1,0.638685,0,0,10632.jpg,知道我拿的是什么吗？是肾！,卡通风格的熊猫头像，头顶一部手机。,这可能是一句黑色幽默，暗示某人为了得到某物不惜牺牲自己的肾脏。
12671,0,1,0.63827,0,0,12671.jpg,"明天大涨！
LUCK
跟我一起喊：",这是一张卡通风格的图片，有一个夸张表情的人物头像和一些图形。,这是一条鼓励性的股市投资口号，表达对明天股市行情看好的情绪。
570,0,1,0.637329,0,0,570.jpg,漫畫。動畫。谜片,三张图片，展示了不同风格的女性插画和实拍照片。,这是三种不同的娱乐形式，分别是漫画、动画和谜题游戏。
